Date,1st,2nd,3rd,1st_cumulative,2nd_cumulative,3rd_cumulative,1st_stay,2nd_stay,3rd_stay,1st_prop,2nd_prop,3rd_prop
2021/4/12,4749,0,0,4749,0,0,4749,0,0,3.78E-05,0,0
2021/4/13,4362,0,0,9111,0,0,9111,0,0,7.26E-05,0,0
2021/4/14,5362,0,0,14473,0,0,14473,0,0,0.000115321,0,0
2021/4/15,8955,0,0,23428,0,0,23428,0,0,0.000186674,0,0
2021/4/16,10959,0,0,34387,0,0,34387,0,0,0.000273995,0,0
2021/4/17,7719,0,0,42106,0,0,42106,0,0,0.0003355,0,0
2021/4/18,8458,0,0,50564,0,0,50564,0,0,0.000402893,0,0
2021/4/19,31335,0,0,81899,0,0,81899,0,0,0.00065257,0,0
2021/4/20,48533,0,0,130432,0,0,130432,0,0,0.00103928,0,0
2021/4/21,57934,0,0,188366,0,0,188366,0,0,0.001500897,0,0
2021/4/22,55670,0,0,244036,0,0,244036,0,0,0.001944474,0,0
2021/4/23,52433,0,0,296469,0,0,296469,0,0,0.00236226,0,0
2021/4/24,35802,0,0,332271,0,0,332271,0,0,0.002647529,0,0
2021/4/25,25608,0,0,357879,0,0,357879,0,0,0.002851573,0,0
2021/4/26,56641,0,0,414520,0,0,414520,0,0,0.003302888,0,0
2021/4/27,75326,0,0,489846,0,0,489846,0,0,0.003903084,0,0
2021/4/28,81745,0,0,571591,0,0,571591,0,0,0.004554427,0,0
2021/4/29,20479,0,0,592070,0,0,592070,0,0,0.004717603,0,0
2021/4/30,62014,0,0,654084,0,0,654084,0,0,0.00521173,0,0
2021/5/1,40752,0,0,694836,0,0,694836,0,0,0.005536441,0,0
2021/5/2,27333,0,0,722169,0,0,722169,0,0,0.00575423,0,0
2021/5/3,7404,810,0,729573,810,0,728763,810,0,0.005806771,6.45E-06,0
2021/5/4,8524,699,0,738097,1509,0,736588,1509,0,0.00586912,1.20E-05,0
2021/5/5,9849,911,0,747946,2420,0,745526,2420,0,0.005940338,1.93E-05,0
2021/5/6,47968,9310,0,795914,11730,0,784184,11730,0,0.006248364,9.35E-05,0
2021/5/7,50904,12002,0,846818,23732,0,823086,23732,0,0.006558335,0.000189096,0
2021/5/8,63223,7735,0,910041,31467,0,878574,31467,0,0.007000462,0.000250728,0
2021/5/9,75871,8250,0,985912,39717,0,946195,39717,0,0.007539265,0.000316464,0
2021/5/10,106356,29141,0,1092268,68858,0,1023410,68858,0,0.008154513,0.000548659,0
2021/5/11,133867,45531,0,1226135,114389,0,1111746,114389,0,0.008858372,0.00091145,0
2021/5/12,163781,54382,0,1389916,168771,0,1221145,168771,0,0.009730061,0.001344764,0
2021/5/13,160312,53118,0,1550228,221889,0,1328339,221889,0,0.010584181,0.001768008,0
2021/5/14,137001,51937,0,1687229,273826,0,1413403,273826,0,0.01126197,0.002181841,0
2021/5/15,139741,35492,0,1826970,309318,0,1517652,309318,0,0.012092624,0.00246464,0
2021/5/16,190416,24373,0,2017386,333691,0,1683695,333691,0,0.013415652,0.002658844,0
2021/5/17,211930,53026,0,2229316,386717,0,1842599,386717,0,0.014681796,0.003081354,0
2021/5/18,258205,69089,0,2487521,455806,0,2031715,455806,0,0.016188669,0.003631854,0
2021/5/19,313692,72705,0,2801213,528511,0,2272702,528511,0,0.018108849,0.004211166,0
2021/5/20,327612,28574,0,3128825,557085,0,2571740,557085,0,0.020491578,0.004438843,0
2021/5/21,284834,61688,0,3413659,618773,0,2794886,618773,0,0.022269602,0.004930372,0
2021/5/22,288238,43136,0,3701897,661909,0,3039988,661909,0,0.02422257,0.005274079,0
2021/5/23,327598,28009,0,4029495,689918,0,3339577,689918,0,0.02660969,0.005497254,0
2021/5/24,454451,10344,0,4483946,700262,0,3783684,700262,0,0.030148326,0.005579675,0
2021/5/25,525745,11046,0,5009691,711308,0,4298383,711308,0,0.034249439,0.005667689,0
2021/5/26,582080,12730,0,5591771,724038,0,4867733,724038,0,0.038786009,0.005769122,0
2021/5/27,563911,45524,0,6155682,769562,0,5386120,769562,0,0.042916508,0.006131856,0
2021/5/28,537749,48507,0,6693431,818069,0,5875362,818069,0,0.046814779,0.006518359,0
2021/5/29,478825,60221,0,7172256,878290,0,6293966,878290,0,0.050150208,0.006998199,0
2021/5/30,465069,67794,0,7637325,946084,0,6691241,946084,0,0.053315689,0.00753838,0
2021/5/31,538614,96113,0,8175939,1042197,0,7133742,1042197,0,0.056841529,0.008304207,0
2021/6/1,659505,122728,0,8835444,1164925,0,7670519,1164925,0,0.061118558,0.009282102,0
2021/6/2,681510,150334,0,9516954,1315259,0,8201695,1315259,0,0.065350959,0.01047996,0
2021/6/3,685943,148864,0,10202897,1464123,0,8738774,1464123,0,0.069630395,0.011666106,0
2021/6/4,667800,126423,0,10870697,1590546,0,9280151,1590546,0,0.073944077,0.012673442,0
2021/6/5,625861,131749,0,11496558,1722295,0,9774263,1722295,0,0.077881153,0.013723216,0
2021/6/6,569998,183445,0,12066556,1905740,0,10160816,1905740,0,0.0809612,0.015184902,0
2021/6/7,675484,196301,0,12742040,2102041,0,10639999,2102041,0,0.084779322,0.016749025,0
2021/6/8,739461,239769,0,13481501,2341810,0,11139691,2341810,0,0.088760858,0.0186595,0
2021/6/9,725717,295288,0,14207218,2637098,0,11570120,2637098,0,0.092190509,0.02101235,0
2021/6/10,708283,312188,0,14915501,2949286,0,11966215,2949286,0,0.095346587,0.023499858,0
2021/6/11,716496,274499,0,15631997,3223785,0,12408212,3223785,0,0.098868411,0.025687061,0
2021/6/12,671367,279827,0,16303364,3503612,0,12799752,3503612,0,0.101988195,0.027916718,0
2021/6/13,610760,319049,0,16914124,3822661,0,13091463,3822661,0,0.104312543,0.030458894,0
2021/6/14,619501,423080,0,17533625,4245741,0,13287884,4245741,0,0.105877622,0.033829988,0
2021/6/15,669618,492138,0,18203243,4737879,0,13465364,4737879,0,0.107291779,0.037751335,0
2021/6/16,650211,544818,0,18853454,5282697,0,13570757,5282697,0,0.108131549,0.042092435,0
2021/6/17,657193,531011,0,19510647,5813708,0,13696939,5813708,0,0.109136965,0.046323521,0
2021/6/18,639120,508731,0,20149767,6322439,0,13827328,6322439,0,0.110175902,0.050377081,0
2021/6/19,675537,449137,0,20825304,6771576,0,14053728,6771576,0,0.111979853,0.053955796,0
2021/6/20,676078,442176,0,21501382,7213752,0,14287630,7213752,0,0.11384358,0.057479047,0
2021/6/21,706102,510822,0,22207484,7724574,0,14482910,7724574,0,0.115399568,0.061549267,0
2021/6/22,742890,620837,0,22950374,8345411,0,14604963,8345411,0,0.116372084,0.066496085,0
2021/6/23,755471,642887,0,23705845,8988298,0,14717547,8988298,0,0.117269151,0.071618598,0
2021/6/24,733151,643586,0,24438996,9631884,0,14807112,9631884,0,0.117982803,0.076746679,0
2021/6/25,721131,637225,0,25160127,10269109,0,14891018,10269109,0,0.118651365,0.081824077,0
2021/6/26,760163,595975,0,25920290,10865084,0,15055206,10865084,0,0.119959612,0.086572795,0
2021/6/27,786851,548816,0,26707141,11413900,0,15293241,11413900,0,0.121856271,0.090945751,0
2021/6/28,734845,649491,0,27441986,12063391,0,15378595,12063391,0,0.12253637,0.096120884,0
2021/6/29,790910,712847,0,28232896,12776238,0,15456658,12776238,0,0.123158374,0.101800836,0
2021/6/30,833843,709962,0,29066739,13486200,0,15580539,13486200,0,0.124145456,0.1074578,0
2021/7/1,638933,680096,0,29705672,14166296,0,15539376,14166296,0,0.12381747,0.112876793,0
2021/7/2,599853,692550,0,30305525,14858846,0,15446679,14858846,0,0.123078862,0.118395019,0
2021/7/3,891363,635484,0,31196888,15494330,0,15702558,15494330,0,0.125117701,0.123458544,0
2021/7/4,843062,568394,0,32039950,16062724,0,15977226,16062724,0,0.127306251,0.127987497,0
2021/7/5,941907,610249,0,32981857,16672973,0,16308884,16672973,0,0.129948896,0.13284995,0
2021/7/6,997440,658577,0,33979297,17331550,0,16647747,17331550,0,0.13264895,0.13809748,0
2021/7/7,1025192,639081,0,35004489,17970631,0,17033858,17970631,0,0.135725476,0.143189666,0
2021/7/8,1027784,636862,0,36032273,18607493,0,17424780,18607493,0,0.138840335,0.148264171,0
2021/7/9,1038343,640207,0,37070616,19247700,0,17822916,19247700,0,0.142012676,0.153365329,0
2021/7/10,1041993,663417,0,38112609,19911117,0,18201492,19911117,0,0.145029162,0.158651424,0
2021/7/11,766505,672625,0,38879114,20583742,0,18295372,20583742,0,0.145777197,0.164010888,0
2021/7/12,803155,652967,0,39682269,21236709,0,18445560,21236709,0,0.146973892,0.169213717,0
2021/7/13,873362,675631,0,40555631,21912340,0,18643291,21912340,0,0.148549409,0.174597133,0
2021/7/14,861411,684980,0,41417042,22597320,0,18819722,22597320,0,0.149955208,0.180055041,0
2021/7/15,842217,670356,0,42259259,23267676,0,18991583,23267676,0,0.151324593,0.185396426,0
2021/7/16,872145,656746,0,43131404,23924422,0,19206982,23924422,0,0.153040889,0.190629366,0
2021/7/17,830093,697855,0,43961497,24622277,0,19339220,24622277,0,0.154094559,0.196189862,0
2021/7/18,616784,719971,0,44578281,25342248,0,19236033,25342248,0,0.153272367,0.201926578,0
2021/7/19,500655,662026,0,45078936,26004274,0,19074662,26004274,0,0.151986565,0.20720159,0
2021/7/20,777290,726849,0,45856226,26731123,0,19125103,26731123,0,0.152388478,0.21299311,0
2021/7/21,745383,775410,0,46601609,27506533,0,19095076,27506533,0,0.152149224,0.219171563,0
2021/7/22,324179,347176,0,46925788,27853709,0,19072079,27853709,0,0.151965984,0.221937855,0
2021/7/23,253439,274878,0,47179227,28128587,0,19050640,28128587,0,0.151795158,0.224128078,0
2021/7/24,467249,853315,0,47646476,28981902,0,18664574,28981902,0,0.148718992,0.230927276,0
2021/7/25,420965,790224,0,48067441,29772126,0,18295315,29772126,0,0.145776742,0.237223767,0
2021/7/26,559710,926851,0,48627151,30698977,0,17928174,30698977,0,0.142851369,0.244608899,0
2021/7/27,609388,952496,0,49236539,31651473,0,17585066,31651473,0,0.140117491,0.25219837,0
2021/7/28,602201,985399,0,49838740,32636872,0,17201868,32636872,0,0.137064176,0.260050012,0
2021/7/29,606503,972434,0,50445243,33609306,0,16835937,33609306,0,0.134148445,0.267798349,0
2021/7/30,635771,1007694,0,51081014,34617000,0,16464014,34617000,0,0.131184969,0.275827636,0
2021/7/31,641431,1006321,0,51722445,35623321,0,16099124,35623321,0,0.128277532,0.283845984,0
2021/8/1,560998,700910,0,52283443,36324231,0,15959212,36324231,0,0.127162716,0.289430822,0
2021/8/2,570604,819585,0,52854047,37143816,0,15710231,37143816,0,0.125178839,0.295961261,0
2021/8/3,588102,871131,0,53442149,38014947,0,15427202,38014947,0,0.122923669,0.302902417,0
2021/8/4,576082,865881,0,54018231,38880828,0,15137403,38880828,0,0.120614556,0.309801741,0
2021/8/5,563826,888182,0,54582057,39769010,0,14813047,39769010,0,0.118030093,0.31687876,0
2021/8/6,583539,945967,0,55165596,40714977,0,14450619,40714977,0,0.115142273,0.324416208,0
2021/8/7,699747,891464,0,55865343,41606441,0,14258902,41606441,0,0.113614676,0.331519377,0
2021/8/8,610599,635599,0,56475942,42242040,0,14233902,42242040,0,0.113415476,0.336583819,0
2021/8/9,168976,219857,0,56644918,42461897,0,14183021,42461897,0,0.113010057,0.338335635,0
2021/8/10,488896,836687,0,57133814,43298584,0,13835230,43298584,0,0.110238865,0.345002342,0
2021/8/11,498381,742253,0,57632195,44040837,0,13591358,44040837,0,0.108295697,0.350916601,0
2021/8/12,492161,437868,0,58124356,44478705,0,13645651,44478705,0,0.108728303,0.354405525,0
2021/8/13,345736,330587,0,58470092,44809292,0,13660800,44809292,0,0.10884901,0.357039636,0
2021/8/14,354777,411767,0,58824869,45221059,0,13603810,45221059,0,0.108394915,0.360320589,0
2021/8/15,369764,379868,0,59194633,45600927,0,13593706,45600927,0,0.108314406,0.36334737,0
2021/8/16,434695,586035,0,59629328,46186962,0,13442366,46186962,0,0.107108532,0.368016886,0
2021/8/17,547064,703933,0,60176392,46890895,0,13285497,46890895,0,0.105858602,0.373625812,0
2021/8/18,577602,684068,0,60753994,47574963,0,13179031,47574963,0,0.105010283,0.379076454,0
2021/8/19,576678,642475,0,61330672,48217438,0,13113234,48217438,0,0.104486014,0.384195683,0
2021/8/20,615540,696377,0,61946212,48913815,0,13032397,48913815,0,0.103841906,0.389744402,0
2021/8/21,721831,725741,0,62668043,49639556,0,13028487,49639556,0,0.103810751,0.395527094,0
2021/8/22,627942,612228,0,63295985,50251784,0,13044201,50251784,0,0.10393596,0.400405315,0
2021/8/23,548938,652767,0,63844923,50904551,0,12940372,50904551,0,0.103108652,0.405606551,0
2021/8/24,612302,655248,0,64457225,51559799,0,12897426,51559799,0,0.102766459,0.410827555,0
2021/8/25,605123,637341,0,65062348,52197140,0,12865208,52197140,0,0.102509747,0.415905877,0
2021/8/26,570595,603642,0,65632943,52800782,0,12832161,52800782,0,0.102246429,0.420715686,0
2021/8/27,641860,667995,0,66274803,53468777,0,12806026,53468777,0,0.102038186,0.426038258,0
2021/8/28,730719,749582,0,67005522,54218359,0,12787163,54218359,0,0.101887886,0.432010914,0
2021/8/29,599480,632768,0,67605002,54851127,0,12753875,54851127,0,0.101622648,0.437052798,0
2021/8/30,390392,287604,0,67995394,55138731,0,12856663,55138731,0,0.102441661,0.439344422,0
2021/8/31,652184,536773,0,68647578,55675504,0,12972074,55675504,0,0.103361253,0.443621419,0
2021/9/1,647395,496461,0,69294973,56171965,0,13123008,56171965,0,0.104563893,0.447577212,0
2021/9/2,423110,505586,0,69718083,56677551,0,13040532,56677551,0,0.103906726,0.451605712,0
2021/9/3,742548,421534,0,70460631,57099085,0,13361546,57099085,0,0.106464559,0.454964487,0
2021/9/4,958676,455757,0,71419307,57554842,0,13864465,57554842,0,0.110471809,0.458595951,0
2021/9/5,778730,403421,0,72198037,57958263,0,14239774,57958263,0,0.113462264,0.461810402,0
2021/9/6,619598,420356,0,72817635,58378619,0,14439016,58378619,0,0.115049821,0.465159791,0
2021/9/7,632830,529809,0,73450465,58908428,0,14542037,58908428,0,0.11587069,0.4693813,0
2021/9/8,599820,554947,0,74050285,59463375,0,14586910,59463375,0,0.116228238,0.473803107,0
2021/9/9,586877,543219,0,74637162,60006594,0,14630568,60006594,0,0.116576104,0.478131467,0
2021/9/10,650870,614723,0,75288032,60621317,0,14666715,60621317,0,0.116864123,0.483029569,0
2021/9/11,788609,725543,0,76076641,61346860,0,14729781,61346860,0,0.117366631,0.488810682,0
2021/9/12,620099,596428,0,76696740,61943288,0,14753452,61943288,0,0.117555241,0.49356301,0
2021/9/13,511509,518356,0,77208249,62461644,0,14746605,62461644,0,0.117500685,0.497693261,0
2021/9/14,538212,554922,0,77746461,63016566,0,14729895,63016566,0,0.11736754,0.50211487,0
2021/9/15,514939,556456,0,78261400,63573022,0,14688378,63573022,0,0.117036733,0.506548701,0
2021/9/16,501410,560537,0,78762810,64133559,0,14629251,64133559,0,0.11656561,0.51101505,0
2021/9/17,578360,642890,0,79341170,64776449,0,14564721,64776449,0,0.116051436,0.516137586,0
2021/9/18,740662,727710,0,80081832,65504159,0,14577673,65504159,0,0.116154637,0.521935966,0
2021/9/19,577109,569790,0,80658941,66073949,0,14584992,66073949,0,0.116212955,0.526476043,0
2021/9/20,157118,156553,0,80816059,66230502,0,14585557,66230502,0,0.116217457,0.527723454,0
2021/9/21,411204,688715,0,81227263,66919217,0,14308046,66919217,0,0.114006254,0.533211123,0
2021/9/22,421128,657243,0,81648391,67576460,0,14071931,67576460,0,0.112124894,0.538448024,0
2021/9/23,195112,238631,0,81843503,67815091,0,14028412,67815091,0,0.111778136,0.540349431,0
2021/9/24,436954,769699,0,82280457,68584790,0,13695667,68584790,0,0.109126829,0.546482379,0
2021/9/25,576298,944034,0,82856755,69528824,0,13327931,69528824,0,0.106196716,0.554004425,0
2021/9/26,448068,730442,0,83304823,70259266,0,13045557,70259266,0,0.103946765,0.559824574,0
2021/9/27,377423,617369,0,83682246,70876635,0,12805611,70876635,0,0.102034879,0.564743759,0
2021/9/28,407830,623465,0,84090076,71500100,0,12589976,71500100,0,0.100316703,0.569711517,0
2021/9/29,404155,594863,0,84494231,72094963,0,12399268,72094963,0,0.098797145,0.574451375,0
2021/9/30,389415,602209,0,84883646,72697172,0,12186474,72697172,0,0.097101607,0.579249765,0
2021/10/1,440482,643240,0,85324128,73340412,0,11983716,73340412,0,0.095486035,0.58437509,0
2021/10/2,598980,783093,0,85923108,74123505,0,11799603,74123505,0,0.094019025,0.590614761,0
2021/10/3,469086,609826,0,86392194,74733331,0,11658863,74733331,0,0.092897612,0.595473844,0
2021/10/4,331542,533452,0,86723736,75266783,0,11456953,75266783,0,0.091288796,0.59972438,0
2021/10/5,346519,557140,0,87070255,75823923,0,11246332,75823923,0,0.089610572,0.604163661,0
2021/10/6,331620,542524,0,87401875,76366447,0,11035428,76366447,0,0.087930093,0.608486483,0
2021/10/7,318363,539334,0,87720238,76905781,0,10814457,76905781,0,0.0861694,0.612783886,0
2021/10/8,378027,662638,0,88098265,77568419,0,10529846,77568419,0,0.083901624,0.618063774,0
2021/10/9,509507,824594,0,88607772,78393013,0,10214759,78393013,0,0.081391017,0.624634124,0
2021/10/10,379882,601625,0,88987654,78994638,0,9993016,78994638,0,0.079624173,0.629427861,0
2021/10/11,285170,217393,0,89272824,79212031,0,10060793,79212031,0,0.080164219,0.631160045,0
2021/10/12,271008,446556,0,89543832,79658587,0,9885245,79658587,0,0.078765455,0.634718195,0
2021/10/13,142144,439129,0,89685976,80097716,0,9588260,80097716,0,0.076399084,0.638217167,0
2021/10/14,263713,253127,0,89949689,80350843,0,9598846,80350843,0,0.076483433,0.640234079,0
2021/10/15,304810,518042,0,90254499,80868885,0,9385614,80868885,0,0.074784404,0.644361828,0
2021/10/16,399129,660563,0,90653628,81529448,0,9124180,81529448,0,0.072701303,0.649625182,0
2021/10/17,249789,497934,0,90903417,82027382,0,8876035,82027382,0,0.070724088,0.653592711,0
2021/10/18,177918,381702,0,91081335,82409084,0,8672251,82409084,0,0.069100341,0.656634106,0
2021/10/19,173372,420691,0,91254707,82829775,0,8424932,82829775,0,0.067129707,0.659986164,0
2021/10/20,166180,416389,0,91420887,83246164,0,8174723,83246164,0,0.065136047,0.663303944,0
2021/10/21,149009,390453,0,91569896,83636617,0,7933279,83636617,0,0.063212225,0.666415067,0
2021/10/22,195031,501493,0,91764927,84138110,0,7626817,84138110,0,0.060770341,0.670410954,0
2021/10/23,266395,666034,0,92031322,84804144,0,7227178,84804144,0,0.057586025,0.675717901,0
2021/10/24,167333,504944,0,92198655,85309088,0,6889567,85309088,0,0.054895947,0.679741286,0
2021/10/25,110307,355387,0,92308962,85664475,0,6644487,85664475,0,0.052943153,0.682573003,0
2021/10/26,113737,361041,0,92422699,86025516,0,6397183,86025516,0,0.05097264,0.685449771,0
2021/10/27,106052,346569,0,92528751,86372085,0,6156666,86372085,0,0.049056204,0.688211227,0
2021/10/28,102867,334345,0,92631618,86706430,0,5925188,86706430,0,0.047211792,0.690875282,0
2021/10/29,131628,426986,0,92763246,87133416,0,5629830,87133416,0,0.044858385,0.694277499,0
2021/10/30,182215,569669,0,92945461,87703085,0,5242376,87703085,0,0.041771158,0.698816611,0
2021/10/31,119759,407980,0,93065220,88111065,0,4954155,88111065,0,0.039474618,0.702067389,0
2021/11/1,57295,277768,0,93122515,88388833,0,4733682,88388833,0,0.037717893,0.704280639,0
2021/11/2,38744,275463,0,93161259,88664296,0,4496963,88664296,0,0.035831721,0.706475523,0
2021/11/3,21736,77595,0,93182995,88741891,0,4441104,88741891,0,0.035386637,0.707093799,0
2021/11/4,55001,274017,0,93237996,89015908,0,4222088,89015908,0,0.033641522,0.709277161,0
2021/11/5,84769,328761,0,93322765,89344669,0,3978096,89344669,0,0.031697398,0.711896723,0
2021/11/6,116370,439701,0,93439135,89784370,0,3654765,89784370,0,0.029121102,0.715400253,0
2021/11/7,73595,278042,0,93512730,90062412,0,3450318,90062412,0,0.027492072,0.717615687,0
2021/11/8,48359,183050,0,93561089,90245462,0,3315627,90245462,0,0.026418857,0.719074226,0
2021/11/9,50366,177704,0,93611455,90423166,0,3188289,90423166,0,0.02540423,0.720490168,0
2021/11/10,33996,174313,0,93645451,90597479,0,3047972,90597479,0,0.024286186,0.721879091,0
2021/11/11,30635,153390,0,93676086,90750869,0,2925217,90750869,0,0.023308077,0.7231013,0
2021/11/12,50799,222338,0,93726885,90973207,0,2753678,90973207,0,0.021941257,0.724872885,0
2021/11/13,67698,291027,0,93794583,91264234,0,2530349,91264234,0,0.020161776,0.727191783,0
2021/11/14,30912,176118,0,93825495,91440352,0,2385143,91440352,0,0.019004777,0.728595088,0
2021/11/15,25932,120153,0,93851427,91560505,0,2290922,91560505,0,0.018254025,0.729552465,0
2021/11/16,25367,121145,0,93876794,91681650,0,2195144,91681650,0,0.017490868,0.730517746,0
2021/11/17,24963,115595,0,93901757,91797245,0,2104512,91797245,0,0.016768714,0.731438805,0
2021/11/18,23397,106839,0,93925154,91904084,0,2021070,91904084,0,0.01610385,0.732290096,0
2021/11/19,42173,157787,0,93967327,92061871,0,1905456,92061871,0,0.015182639,0.73354734,0
2021/11/20,55995,224008,0,94023322,92285879,0,1737443,92285879,0,0.013843915,0.735332232,0
2021/11/21,24967,133841,0,94048289,92419720,0,1628569,92419720,0,0.012976409,0.736398674,0
2021/11/22,22604,70454,0,94070893,92490174,0,1580719,92490174,0,0.012595141,0.736960051,0
2021/11/23,4988,20838,0,94075881,92511012,0,1564869,92511012,0,0.012468848,0.737126088,0
2021/11/24,22478,48788,0,94098359,92559800,0,1538559,92559800,0,0.012259211,0.737514829,0
2021/11/25,20246,66254,0,94118605,92626054,0,1492551,92626054,0,0.01189262,0.73804274,0
2021/11/26,38367,111059,0,94156972,92737113,0,1419859,92737113,0,0.011313411,0.738927656,0
2021/11/27,51587,156599,0,94208559,92893712,0,1314847,92893712,0,0.010476677,0.740175434,0
2021/11/28,19873,93639,0,94228432,92987351,0,1241081,92987351,0,0.009888911,0.740921548,0
2021/11/29,18368,57676,0,94246800,93045027,0,1201773,93045027,0,0.009575706,0.741381109,0
2021/11/30,18074,62263,0,94264874,93107290,0,1157584,93107290,0,0.009223609,0.74187722,0
2021/12/1,16191,32968,4943,94281065,93140258,4943,1140807,93135315,4943,0.00908993,0.742100523,3.94E-05
2021/12/2,15285,29870,3900,94296350,93170128,8843,1126222,93161285,8843,0.008973717,0.742307451,7.05E-05
2021/12/3,29175,53360,10134,94325525,93223488,18977,1102037,93204511,18977,0.008781011,0.742651875,0.000151208
2021/12/4,44663,77142,2597,94370188,93300630,21574,1069558,93279056,21574,0.008522219,0.743245848,0.000171901
2021/12/5,16216,33277,819,94386404,93333907,22393,1052497,93311514,22393,0.008386277,0.743504473,0.000178427
2021/12/6,14038,25876,10338,94400442,93359783,32731,1040659,93327052,32731,0.008291952,0.74362828,0.0002608
2021/12/7,11781,24493,12316,94412223,93384276,45047,1027947,93339229,45047,0.008190663,0.743725306,0.000358934
2021/12/8,6839,23608,13969,94419062,93407884,59016,1011178,93348868,59016,0.008057048,0.743802109,0.000470238
2021/12/9,4862,22067,16343,94423924,93429951,75359,993973,93354592,75359,0.007919959,0.743847718,0.000600459
2021/12/10,7923,44314,43016,94431847,93474265,118375,957582,93355890,118375,0.007629996,0.74385806,0.00094321
2021/12/11,11024,61960,7048,94442871,93536225,125423,906646,93410802,125423,0.007224139,0.744295598,0.000999368
2021/12/12,4431,24913,776,94447302,93561138,126199,886164,93434939,126199,0.007060939,0.744487921,0.001005551
2021/12/13,4687,21930,34168,94451989,93583068,160367,868921,93422701,160367,0.006923547,0.744390409,0.001277801
2021/12/14,7320,7753,38561,94459309,93590821,198928,868488,93391893,198928,0.006920097,0.744144932,0.001585055
2021/12/15,9663,22229,47843,94468972,93613050,246771,855922,93366279,246771,0.006819971,0.74394084,0.001966267
2021/12/16,10205,20340,52873,94479177,93633390,299644,845787,93333746,299644,0.006739216,0.743681617,0.002387558
2021/12/17,22949,41586,96372,94502126,93674976,396016,827150,93278960,396016,0.006590716,0.743245083,0.003155448
2021/12/18,35475,58896,23228,94537601,93733872,419244,803729,93314628,419244,0.006404098,0.743529285,0.003340529
2021/12/19,14403,22060,2612,94552004,93755932,421856,796072,93334076,421856,0.006343087,0.743684247,0.003361341
2021/12/20,6480,19047,57273,94558484,93774979,479129,783505,93295850,479129,0.006242954,0.743379663,0.003817691
2021/12/21,12476,18874,64565,94570960,93793853,543694,777107,93250159,543694,0.006191975,0.743015598,0.004332144
2021/12/22,12724,18808,71729,94583684,93812661,615423,771023,93197238,615423,0.006143497,0.742593924,0.004903679
2021/12/23,10537,16635,74765,94594221,93829296,690188,764925,93139108,690188,0.006094909,0.742130745,0.005499406
2021/12/24,18447,32637,116895,94612668,93861933,807083,750735,93054850,807083,0.005981843,0.741459379,0.006430823
2021/12/25,27962,51655,44270,94640630,93913588,851353,727042,93062235,851353,0.005793058,0.741518222,0.006783565
2021/12/26,11414,21419,7222,94652044,93935007,858575,717037,93076432,858575,0.005713338,0.741631344,0.00684111
2021/12/27,8912,16356,57812,94660956,93951363,916387,709593,93034976,916387,0.005654024,0.741301023,0.007301755
2021/12/28,7140,12972,72519,94668096,93964335,988906,703761,92975429,988906,0.005607555,0.740826554,0.007879585
2021/12/29,2926,4569,43410,94671022,93968904,1032316,702118,92936588,1032316,0.005594464,0.740517069,0.008225475
2021/12/30,941,1222,10991,94671963,93970126,1043307,701837,92926819,1043307,0.005592225,0.74043923,0.008313051
2021/12/31,210,200,860,94672173,93970326,1044167,701847,92926159,1044167,0.005592304,0.740433971,0.008319904
2022/1/1,15,24,301,94672188,93970350,1044468,701838,92925882,1044468,0.005592233,0.740431764,0.008322302
2022/1/2,128,190,611,94672316,93970540,1045079,701776,92925461,1045079,0.005591739,0.74042841,0.008327171
2022/1/3,116,245,827,94672432,93970785,1045906,701647,92924879,1045906,0.005590711,0.740423772,0.00833376
2022/1/4,3282,6501,11590,94675714,93977286,1057496,698428,92919790,1057496,0.005565062,0.740383223,0.008426109
2022/1/5,5989,10490,30020,94681703,93987776,1087516,693927,92900260,1087516,0.005529198,0.740227609,0.008665308
2022/1/6,6737,10800,41931,94688440,93998576,1129447,689864,92869129,1129447,0.005496824,0.739979557,0.008999413
2022/1/7,16442,25441,108176,94704882,94024017,1237623,680865,92786394,1237623,0.00542512,0.739320326,0.009861358
2022/1/8,27169,40249,120885,94732051,94064266,1358508,667785,92705758,1358508,0.005320899,0.73867782,0.010824567
2022/1/9,10407,14196,16475,94742458,94078462,1374983,663996,92703479,1374983,0.005290708,0.738659661,0.01095584
2022/1/10,1318,2312,5506,94743776,94080774,1380489,663002,92700285,1380489,0.005282788,0.738634211,0.010999712
2022/1/11,8978,15247,93725,94752754,94096021,1474214,656733,92621807,1474214,0.005232837,0.7380089,0.011746511
2022/1/12,9148,13881,128585,94761902,94109902,1602799,652000,92507103,1602799,0.005195124,0.737094941,0.012771074
2022/1/13,8247,11187,131055,94770149,94121089,1733854,649060,92387235,1733854,0.005171698,0.736139835,0.013815318
2022/1/14,17407,20632,238480,94787556,94141721,1972334,645835,92169387,1972334,0.005146002,0.734404026,0.015715522
2022/1/15,27160,31925,181191,94814716,94173646,2153525,641070,92020121,2153525,0.005108034,0.733214677,0.017159249
2022/1/16,10807,13093,35166,94825523,94186739,2188691,638784,91998048,2188691,0.005089819,0.7330388,0.017439451
2022/1/17,11044,10339,162157,94836567,94197078,2350848,639489,91846230,2350848,0.005095437,0.731829116,0.018731515
2022/1/18,11451,7598,213564,94848018,94204676,2564412,643342,91640264,2564412,0.005126138,0.730187983,0.020433189
2022/1/19,10742,5292,239198,94858760,94209968,2803610,648792,91406358,2803610,0.005169563,0.728324224,0.022339114
2022/1/20,10356,3762,239579,94869116,94213730,3043189,655386,91170541,3043189,0.005222104,0.726445239,0.024248075
2022/1/21,12179,6148,378074,94881295,94219878,3421263,661417,90798615,3421263,0.005270159,0.723481739,0.027260562
2022/1/22,27778,6996,286684,94909073,94226874,3707947,682199,90518927,3707947,0.005435749,0.72125319,0.029544855
2022/1/23,10023,3217,87238,94919096,94230091,3795185,689005,90434906,3795185,0.00548998,0.720583712,0.030239966
2022/1/24,10985,2485,267601,94930081,94232576,4062786,697505,90169790,4062786,0.005557707,0.718471273,0.032372206
2022/1/25,11057,4234,314517,94941138,94236810,4377303,704328,89859507,4377303,0.005612073,0.715998943,0.034878272
2022/1/26,10409,5939,333175,94951547,94242749,4710478,708798,89532271,4710478,0.00564769,0.713391533,0.037533004
2022/1/27,9609,6671,324794,94961156,94249420,5035272,711736,89214148,5035272,0.0056711,0.710856734,0.040120957
2022/1/28,19338,16178,450150,94980494,94265598,5485422,714896,88780176,5485422,0.005696279,0.707398853,0.043707744
2022/1/29,26256,27463,368819,95006750,94293061,5854241,713689,88438820,5854241,0.005686661,0.704678935,0.046646487
2022/1/30,9440,11128,169814,95016190,94304189,6024055,712001,88280134,6024055,0.005673211,0.703414527,0.047999562
2022/1/31,9582,2837,342686,95025772,94307026,6366741,718746,87940285,6366741,0.005726955,0.700706617,0.050730078
2022/2/1,12477,7384,649661,95038249,94314410,7016402,723839,87298008,7016402,0.005767536,0.695588965,0.055906566
2022/2/2,7122,7578,634783,95045371,94321988,7651185,723383,86670803,7651185,0.005763903,0.690591407,0.060964505
2022/2/3,9617,7481,640227,95054988,94329469,8291412,725519,86038057,8291412,0.005780922,0.685549698,0.066065822
2022/2/4,18640,16025,788673,95073628,94345494,9080085,728134,85265409,9080085,0.005801759,0.679393253,0.072349955
2022/2/5,25360,24476,733389,95098988,94369970,9813474,729018,84556496,9813474,0.005808802,0.673744646,0.078193585
2022/2/6,9429,9810,492633,95108417,94379780,10306107,728637,84073673,10306107,0.005805767,0.669897521,0.082118876
2022/2/7,11774,9668,791366,95120191,94389448,11097473,730743,83291975,11097473,0.005822547,0.663668966,0.088424466
2022/2/8,9832,10674,889603,95130023,94400122,11987076,729901,82413046,11987076,0.005815838,0.656665675,0.095512807
2022/2/9,9444,9791,876447,95139467,94409913,12863523,729554,81546390,12863523,0.005813073,0.649760176,0.102496321
2022/2/10,8983,10448,900662,95148450,94420361,13764185,728089,80656176,13764185,0.0058014,0.642666966,0.10967278
2022/2/11,4318,3168,386267,95152768,94423529,14150452,729239,80273077,14150452,0.005810563,0.639614441,0.112750548
2022/2/12,18082,26256,897686,95170850,94449785,15048138,721065,79401647,15048138,0.005745433,0.632670902,0.119903294
2022/2/13,7463,9305,619968,95178313,94459090,15668106,719223,78790984,15668106,0.005730756,0.62780515,0.124843188
2022/2/14,8057,10475,881503,95186370,94469565,16549609,716805,77919956,16549609,0.005711489,0.620864814,0.131866988
2022/2/15,9278,10901,981138,95195648,94480466,17530747,715182,76949719,17530747,0.005698557,0.613133983,0.139684678
2022/2/16,9092,9500,947404,95204740,94489966,18478151,714774,76011815,18478151,0.005695306,0.605660781,0.147233576
2022/2/17,8543,9060,938914,95213283,94499026,19417065,714257,75081961,19417065,0.005691187,0.598251721,0.154714826
2022/2/18,15465,19606,1091379,95228748,94518632,20508444,710116,74010188,20508444,0.005658192,0.589711853,0.163410915
2022/2/19,20232,25641,1056711,95248980,94544273,21565155,704707,72979118,21565155,0.005615093,0.581496306,0.171830769
2022/2/20,8632,8917,738907,95257612,94553190,22304062,704422,72249128,22304062,0.005612822,0.575679759,0.177718367
2022/2/21,7687,9752,932347,95265299,94562942,23236409,702357,71326533,23236409,0.005596368,0.568328538,0.185147291
2022/2/22,8750,12925,1055657,95274049,94575867,24292066,698182,70283801,24292066,0.005563102,0.560020068,0.193558747
2022/2/23,2447,2580,436662,95276496,94578447,24728728,698049,69849719,24728728,0.005562042,0.556561311,0.197038062
2022/2/24,7477,11006,958544,95283973,94589453,25687272,694520,68902181,25687272,0.005533923,0.549011345,0.204675723
2022/2/25,12100,19881,1133734,95296073,94609334,26821006,686739,67788328,26821006,0.005471924,0.540136184,0.213709296
2022/2/26,16976,26123,1151954,95313049,94635457,27972960,677592,66662497,27972960,0.005399041,0.531165583,0.222888045
2022/2/27,7548,10142,805661,95320597,94645599,28778621,674998,65866978,28778621,0.005378372,0.524826902,0.229307537
2022/2/28,5594,12067,908641,95326191,94657666,29687262,668525,64970404,29687262,0.005326795,0.517683016,0.236547572
2022/3/1,8441,9170,976183,95334632,94666836,30663445,667796,64003391,30663445,0.005320987,0.509977874,0.244325781
2022/3/2,7260,8710,944255,95341892,94675546,31607700,666346,63067846,31607700,0.005309433,0.502523468,0.251849588
2022/3/3,7657,7478,943081,95349549,94683024,32550781,666525,62132243,32550781,0.005310859,0.4950686,0.25936404
2022/3/4,15031,7134,1170556,95364580,94690158,33721337,674422,60968821,33721337,0.005373782,0.485798474,0.26869101
2022/3/5,27563,19244,1180520,95392143,94709402,34901857,682741,59807545,34901857,0.005440068,0.476545448,0.278097372
2022/3/6,15270,6927,785771,95407413,94716329,35687628,691084,59028701,35687628,0.005506545,0.470339633,0.284358381
2022/3/7,12628,7996,882291,95420041,94724325,36569919,695716,58154406,36569919,0.005543453,0.463373266,0.29138846
2022/3/8,14218,8292,917608,95434259,94732617,37487527,701642,57245090,37487527,0.005590671,0.456127852,0.298699944
2022/3/9,13917,8315,872552,95448176,94740932,38360079,707244,56380853,38360079,0.005635308,0.449241627,0.305652423
2022/3/10,15080,7987,859072,95463256,94748919,39219151,714337,55529768,39219151,0.005691824,0.442460197,0.312497493
2022/3/11,25034,14097,1118038,95488290,94763016,40337189,725274,54425827,40337189,0.00577897,0.433664015,0.321406
2022/3/12,54694,20433,1127368,95542984,94783449,41464557,759535,53318892,41464557,0.006051961,0.424843977,0.330388848
2022/3/13,24111,8011,699020,95567095,94791460,42163577,775635,52627883,42163577,0.006180246,0.41933803,0.335958627
2022/3/14,19354,7463,793176,95586449,94798923,42956753,787526,51842170,42956753,0.006274993,0.413077482,0.342278639
2022/3/15,22464,8079,831560,95608913,94807002,43788313,801911,51018689,43788313,0.006389612,0.406516001,0.348904494
2022/3/16,19585,4676,798236,95628498,94811678,44586549,816820,50225129,44586549,0.006508407,0.400192929,0.355264824
2022/3/17,17685,6640,772303,95646183,94818318,45358852,827865,49459466,45358852,0.006596413,0.39409214,0.361418521
2022/3/18,35121,11928,1066200,95681304,94830246,46425052,851058,48405194,46425052,0.006781215,0.385691719,0.369913983
2022/3/19,71184,16805,1105872,95752488,94847051,47530924,905437,47316127,47530924,0.007214506,0.377014053,0.378725552
2022/3/20,31858,7659,653399,95784346,94854710,48184323,929636,46670387,48184323,0.007407323,0.371868808,0.383931823
2022/3/21,3318,1386,199849,95787664,94856096,48384172,931568,46471924,48384172,0.007422717,0.370287458,0.385524216
2022/3/22,23514,9988,732784,95811178,94866084,49116956,945094,45749128,49116956,0.007530492,0.364528233,0.391363026
2022/3/23,23966,7946,691387,95835144,94874030,49808343,961114,45065687,49808343,0.007658139,0.359082587,0.396871985
2022/3/24,22521,8658,679251,95857665,94882688,50487594,974977,44395094,50487594,0.007768599,0.353739314,0.402284245
2022/3/25,41738,15699,973550,95899403,94898387,51461144,1001016,43437243,51461144,0.007976078,0.346107175,0.410041474
2022/3/26,79718,28592,976423,95979121,94926979,52437567,1052142,42489412,52437567,0.008383449,0.338554874,0.417821595
2022/3/27,39485,15354,527309,96018606,94942333,52964876,1076273,41977457,52964876,0.008575724,0.334475626,0.422023184
2022/3/28,24797,13276,631073,96043403,94955609,53595949,1087794,41359660,53595949,0.008667523,0.32955303,0.427051562
2022/3/29,27965,14504,619370,96071368,94970113,54215319,1101255,40754794,54215319,0.00877478,0.324733469,0.431986691
2022/3/30,24802,13769,552443,96096170,94983882,54767762,1112288,40216120,54767762,0.008862691,0.320441324,0.436388547
2022/3/31,19403,14433,465459,96115573,94998315,55233221,1117258,39765094,55233221,0.008902292,0.316847557,0.440097316
2022/4/1,36747,23200,590690,96152320,95021515,55823911,1130805,39197604,55823911,0.009010234,0.312325807,0.444803923
2022/4/2,67331,50962,653083,96219651,95072477,56476994,1147174,38595483,56476994,0.009140662,0.307528118,0.450007677
2022/4/3,31237,22425,302233,96250888,95094902,56779227,1155986,38315675,56779227,0.009210876,0.305298612,0.452415864
2022/4/4,19240,18464,416055,96270128,95113366,57195282,1156762,37918084,57195282,0.009217059,0.302130615,0.455730983
2022/4/5,19966,20514,427145,96290094,95133880,57622427,1156214,37511453,57622427,0.009212692,0.298890586,0.459134467
2022/4/6,17110,17421,398493,96307204,95151301,58020920,1155903,37130381,58020920,0.009210214,0.295854211,0.462309652
2022/4/7,14402,16252,402384,96321606,95167553,58423304,1154053,36744249,58423304,0.009195474,0.292777518,0.46551584
2022/4/8,11349,32933,709364,96332955,95200486,59132668,1132469,36067818,59132668,0.009023493,0.287387728,0.47116804
2022/4/9,46141,68682,750145,96379096,95269168,59882813,1109928,35386355,59882813,0.008843886,0.281957843,0.477145182
2022/4/10,15263,28317,343822,96394359,95297485,60226635,1096874,35070850,60226635,0.008739872,0.279443905,0.47988475
2022/4/11,12126,4356,397762,96406485,95301841,60624397,1104644,34677444,60624397,0.008801784,0.276309253,0.48305411
2022/4/12,5764,20498,398351,96412249,95322339,61022748,1089910,34299591,61022748,0.008684383,0.273298527,0.486228164
2022/4/13,5354,20635,376925,96417603,95342974,61399673,1074629,33943301,61399673,0.008562625,0.270459615,0.489231495
2022/4/14,5043,19343,376837,96422646,95362317,61776510,1060329,33585807,61776510,0.008448682,0.267611109,0.492234126
2022/4/15,20615,39325,715996,96443261,95401642,62492506,1041619,32909136,62492506,0.008299602,0.262219407,0.497939169
2022/4/16,42016,77608,755993,96485277,95479250,63248499,1006027,32230751,63248499,0.008016005,0.256814047,0.503962908
2022/4/17,18820,35850,333112,96504097,95515100,63581611,988997,31933489,63581611,0.00788031,0.254445469,0.506617138
2022/4/18,13524,20791,351911,96517621,95535891,63933522,981730,31602369,63933522,0.007822407,0.25180711,0.509421159
2022/4/19,14780,23651,354642,96532401,95559542,64288164,972859,31271378,64288164,0.007751723,0.24916978,0.51224694
2022/4/20,14722,21854,343342,96547123,95581396,64631506,965727,30949890,64631506,0.007694895,0.246608169,0.514982683
2022/4/21,13495,16924,353329,96560618,95598320,64984835,962298,30613485,64984835,0.007667573,0.2439277,0.517798002
2022/4/22,25836,38001,694360,96586454,95636321,65679195,950133,29957126,65679195,0.007570643,0.238697844,0.52333065
2022/4/23,54111,72915,768888,96640565,95709236,66448083,931329,29261153,66448083,0.007420813,0.233152343,0.529457136
2022/4/24,19638,31646,324981,96660203,95740882,66773064,919321,28967818,66773064,0.007325133,0.230815055,0.532046579
2022/4/25,14684,17980,339149,96674887,95758862,67112213,916025,28646649,67112213,0.007298871,0.228255986,0.534748912
2022/4/26,15289,19165,334141,96690176,95778027,67446354,912149,28331673,67446354,0.007267987,0.225746263,0.537411341
2022/4/27,13008,17400,327545,96703184,95795427,67773899,907757,28021528,67773899,0.007232992,0.223275033,0.540021214
2022/4/28,15051,17514,456347,96718235,95812941,68230246,905294,27582695,68230246,0.007213366,0.21977842,0.543657379
2022/4/29,4356,4580,257703,96722591,95817521,68487949,905070,27329572,68487949,0.007211582,0.21776154,0.545710752
2022/4/30,33428,49523,524145,96756019,95867044,69012094,888975,26854950,69012094,0.007083337,0.213979761,0.54988713
2022/5/1,7451,13752,158839,96763470,95880796,69170933,882674,26709863,69170933,0.007033131,0.21282371,0.551152756
2022/5/2,7327,11925,237940,96770797,95892721,69408873,878076,26483848,69408873,0.006996494,0.211022827,0.553048658
2022/5/3,1265,1203,75291,96772062,95893924,69484164,878138,26409760,69484164,0.006996988,0.210432495,0.553648575
2022/5/4,750,1038,50547,96772812,95894962,69534711,877850,26360251,69534711,0.006994693,0.210038008,0.554051332
2022/5/5,559,662,32615,96773371,95895624,69567326,877747,26328298,69567326,0.006993872,0.209783407,0.554311208
2022/5/6,16649,23163,323145,96790020,95918787,69890471,871233,26028316,69890471,0.006941969,0.207393156,0.556886022
2022/5/7,32751,43125,379928,96822771,95961912,70270399,860859,25691513,70270399,0.006859309,0.204709516,0.559913281
2022/5/8,10814,18107,122508,96833585,95980019,70392907,853566,25587112,70392907,0.006801199,0.20387765,0.560889423
2022/5/9,10449,14607,203668,96844034,95994626,70596575,849408,25398051,70596575,0.006768068,0.202371216,0.562512246
2022/5/10,11638,15866,211892,96855672,96010492,70808467,845180,25202025,70808467,0.006734379,0.200809284,0.564200597
2022/5/11,9304,14850,202750,96864976,96025342,71011217,839634,25014125,71011217,0.006690189,0.1993121,0.565816106
2022/5/12,8036,13259,201836,96873012,96038601,71213053,834411,24825548,71213053,0.006648572,0.197809522,0.567424331
2022/5/13,19025,27088,454371,96892037,96065689,71667424,826348,24398265,71667424,0.006584326,0.194404939,0.571044751
2022/5/14,30650,55000,507215,96922687,96120689,72174639,801998,23946050,72174639,0.006390306,0.190801698,0.575086231
2022/5/15,8317,19025,172477,96931004,96139714,72347116,791290,23792598,72347116,0.006304985,0.189578995,0.576460525
2022/5/16,7157,14001,183185,96938161,96153715,72530301,784446,23623414,72530301,0.006250452,0.18823094,0.57792014
2022/5/17,7340,14549,178668,96945501,96168264,72708969,777237,23459295,72708969,0.006193011,0.186923243,0.579343763
2022/5/18,7040,12826,171464,96952541,96181090,72880433,771451,23300657,72880433,0.006146908,0.185659218,0.580709985
2022/5/19,5717,12554,170189,96958258,96193644,73050622,764614,23143022,73050622,0.006092431,0.184403185,0.582066048
2022/5/20,15896,9175,388706,96974154,96202819,73439328,771335,22763491,73439328,0.006145983,0.181379089,0.585163251
2022/5/21,23124,36089,432834,96997278,96238908,73872162,758370,22366746,73872162,0.006042679,0.178217832,0.588612064
2022/5/22,6183,9227,125673,97003461,96248135,73997835,755326,22250300,73997835,0.006018424,0.177289992,0.589613425
2022/5/23,7546,7230,141597,97011007,96255365,74139432,755642,22115933,74139432,0.006020942,0.176219358,0.590741667
2022/5/24,7794,2830,137068,97018801,96258195,74276500,760606,21981695,74276500,0.006060495,0.175149752,0.591833822
